{
  "iterations": [
    1,
    2,
    3,
    4,
    5,
    6,
    7,
    8,
    9,
    10,
    11,
    12,
    13,
    14,
    15,
    16,
    17,
    18,
    19,
    20,
    21,
    22,
    23,
    24,
    25,
    26,
    27,
    28,
    29,
    30
  ],
  "rewards": [
    -579.087,
    -575.042,
    -563.5445555555556,
    -558.7620833333333,
    -548.7276666666666,
    -531.3403333333333,
    -535.3008571428571,
    -538.7569166666667,
    -539.0205925925926,
    -532.9895,
    -529.7300303030303,
    -528.3016944444445,
    -522.2778205128205,
    -520.7949047619047,
    -519.6757333333333,
    -515.036918367347,
    -509.8859230769231,
    -505.59314545454544,
    -502.35563793103455,
    -499.02670491803286,
    -496.79075,
    -493.8131911764706,
    -493.7667323943662,
    -493.05570270270266,
    -492.2402077922077,
    -491.75275,
    -489.3155903614458,
    -486.48883720930235,
    -481.6092666666667,
    -477.1517311827957
  ],
  "episode_lengths": [
    327.6666666666667,
    327.3333333333333,
    328.1111111111111,
    328.0,
    326.3333333333333,
    325.8888888888889,
    325.57142857142856,
    325.6666666666667,
    325.6666666666667,
    325.03333333333336,
    324.969696969697,
    325.72222222222223,
    325.84615384615387,
    326.04761904761904,
    326.4222222222222,
    325.83673469387753,
    325.3269230769231,
    324.8,
    324.51724137931035,
    324.344262295082,
    324.109375,
    323.3382352941176,
    323.19718309859155,
    323.0405405405405,
    323.2857142857143,
    323.2375,
    323.06024096385545,
    322.75581395348837,
    321.8666666666667,
    321.5483870967742
  ]
}