{
  "iterations": [
    1,
    2,
    3,
    4,
    5,
    6,
    7,
    8,
    9,
    10,
    11,
    12,
    13,
    14,
    15,
    16,
    17,
    18,
    19,
    20,
    21,
    22,
    23,
    24,
    25,
    26,
    27,
    28,
    29,
    30,
    31,
    32,
    33,
    34,
    35,
    36,
    37,
    38,
    39,
    40,
    41,
    42,
    43,
    44,
    45,
    46,
    47,
    48,
    49,
    50
  ],
  "rewards": [
    -494.75005,
    -491.08204000000006,
    -494.3764250000001,
    -490.101145,
    -491.460515,
    -488.67411500000003,
    -489.1318299999999,
    -487.683135,
    -486.5845699999999,
    -486.26174,
    -485.69323499999996,
    -488.47334500000005,
    -481.10566499999993,
    -482.771155,
    -478.5855650000001,
    -478.1405499999999,
    -478.639465,
    -479.5754550000001,
    -477.473845,
    -478.32155,
    -477.29598,
    -477.35195000000004,
    -474.8373,
    -475.075935,
    -477.106035,
    -476.92311499999994,
    -477.12156500000003,
    -478.56352999999996,
    -479.023995,
    -477.5934599999999,
    -478.22286,
    -475.53616500000004,
    -476.55226999999996,
    -475.9361250000001,
    -473.24619,
    -477.11324,
    -475.27706000000006,
    -474.5415200000001,
    -474.91251000000017,
    -470.308335,
    -469.16880000000015,
    -470.5746699999999,
    -471.481085,
    -469.49076499999995,
    -468.5536000000001,
    -467.53051000000016,
    -468.66024999999996,
    -468.0533899999999,
    -471.3781300000001,
    -469.607885
  ],
  "collisions": [
    0.0,
    0.0,
    0.0,
    0.0,
    0.0,
    0.0,
    0.0,
    0.0,
    0.0,
    0.0,
    0.0,
    0.0,
    0.0,
    0.0,
    0.0,
    0.0,
    0.0,
    0.0,
    0.0,
    0.0,
    0.0,
    0.0,
    0.0,
    0.0,
    0.0,
    0.0,
    0.0,
    0.0,
    0.0,
    0.0,
    0.0,
    0.0,
    0.0,
    0.0,
    0.0,
    0.0,
    0.0,
    0.0,
    0.0,
    0.0,
    0.0,
    0.0,
    0.0,
    0.0,
    0.0,
    0.0,
    0.0,
    0.0,
    0.0,
    0.0
  ],
  "danger": [
    390.53,
    387.07,
    389.55,
    386.35,
    387.85,
    384.62,
    386.2,
    385.37,
    383.61,
    384.14,
    383.71,
    385.19,
    378.74,
    379.48,
    376.17,
    374.98,
    375.93,
    377.0,
    375.13,
    375.19,
    374.53,
    374.43,
    372.28,
    372.35,
    374.5,
    374.3,
    375.82,
    374.71,
    375.7,
    374.55,
    376.04,
    373.26,
    374.39,
    373.61,
    369.89,
    374.57,
    373.76,
    372.32,
    371.36,
    368.56,
    367.64,
    369.64,
    369.91,
    368.55,
    367.66,
    367.15,
    368.56,
    368.38,
    371.63,
    369.24
  ],
  "avg_waiting": [
    11422.004999999997,
    11401.203999999996,
    11482.642500000002,
    11375.114500000001,
    11361.051499999996,
    11405.411499999998,
    11293.183000000003,
    11231.3135,
    11297.457,
    11212.173999999999,
    11198.3235,
    11328.334499999999,
    11236.566499999997,
    11329.1155,
    11241.556499999999,
    11316.054999999998,
    11270.946500000002,
    11257.5455,
    11234.3845,
    11313.155,
    11276.598,
    11292.195,
    11255.73,
    11272.593499999999,
    11260.6035,
    11262.3115,
    11130.156499999997,
    11385.353000000003,
    11332.3995,
    11304.346000000001,
    11218.285999999998,
    11227.616499999998,
    11216.226999999999,
    11232.6125,
    11335.618999999999,
    11254.323999999999,
    11151.705999999998,
    11222.152,
    11355.251,
    11174.833500000002,
    11152.88,
    11093.467000000002,
    11157.108499999998,
    11094.076500000001,
    11089.360000000002,
    11038.051,
    11010.025000000001,
    10967.339000000002,
    10974.813,
    11036.7885
  ],
  "episodes": [
    100,
    100,
    100,
    100,
    100,
    100,
    100,
    100,
    100,
    100,
    100,
    100,
    100,
    100,
    100,
    100,
    100,
    100,
    100,
    100,
    100,
    100,
    100,
    100,
    100,
    100,
    100,
    100,
    100,
    100,
    100,
    100,
    100,
    100,
    100,
    100,
    100,
    100,
    100,
    100,
    100,
    100,
    100,
    100,
    100,
    100,
    100,
    100,
    100,
    100
  ]
}